N,Conventional,Strassen,StrassenThreshold
3,0.0012167,0.10630049999999999,0.0090715
4,0.0069032,0.697635,0.0367649
5,0.0530111,4.6201327,0.2097626
6,0.4141511,32.266611,1.4287712
7,3.3116599,224.9536983,9.7308789
8,33.306708799999996,1551.7438373,66.6437134
9,313.2282313,10841.9713452,467.4349291
10,3520.6052704,,3272.0067459
11,92562.11423759999,,22982.6180727
