N,Conventional,Strassen,StrassenThreshold
3,0.0012435,0.0984838,0.0080444
4,0.0065139,0.6587553,0.0346444
5,0.0496214,4.7682229,0.21064760000000002
6,0.40113519999999997,31.6425059,1.3932011
7,3.278948,232.5342795,9.650340400000001
8,33.302141,1598.5744233,68.0739395
9,293.0002973,10940.4328799,478.8961247
10,3558.6238633000003,,3372.3764723
