GraphSize,Greedy,BranchAndBound,Tabu
8,0.0148663,0.025566,0.9659967
16,0.0754606,0.1333761,7.9553617
24,0.2179627,0.3731758,25.1683905
32,0.4916257,1.0846911,56.067189
40,0.95361,2.6372581,115.7568861
48,1.5760366000000001,19.7127295,207.5547608
56,2.4319616,45.4465964,310.9155245
64,3.5156076,387.2379868,462.0483948
72,4.9331624000000005,4168.2043211,680.913057
80,6.7415106,190760.2725328,1118.8065203
