GraphSize,Greedy,BranchAndBound,Tabu
8,0.0169348,0.0284603,2.5770132
16,0.0828879,0.1497765,47.4993255
24,0.24330079999999998,0.3711929,233.339598
32,0.6052282,1.1661999,742.8951179000001
40,1.1549255,3.0941661,1628.4120622
48,2.032811,28.2493701,3723.4661517
56,2.8242641,44.519946000000004,6784.9562277
64,3.6508629999999997,609.6504272,13164.4733276
72,5.2425567,5832.9093039,
80,6.9839679,,
