GraphSize,Greedy,BranchAndBound,Tabu
8,0.0153991,0.028013999999999997,0.9571561
16,0.0756719,0.1388497,8.0353422
24,0.2208181,0.3937473,24.692227799999998
32,0.4863624,1.1231615,57.154477400000005
40,0.9427354,2.9389371,120.4697371
48,1.5789081,21.7268352,188.4710576
56,2.3843472,46.894535499999996,288.1939979
64,3.4971211,404.02198339999995,457.6935379
72,4.9525967,4107.7946653,743.0852308999999
80,6.9097169,,953.40299
