GraphSize,Greedy,BranchAndBound,Tabu
8,0.0150886,0.0269622,0.9651430999999999
16,0.0757718,0.1370789,8.2033838
24,0.2184449,0.3696704,24.377605799999998
32,0.5100107,1.0157586,58.6368525
40,0.9496383,2.6215425,109.491198
48,1.5968248999999999,27.8961379,197.1661841
56,2.4455107,46.5159156,315.9394349
64,3.5214968,328.35528270000003,475.8108173
72,4.9699483,5671.0880986,736.4293656
80,6.8064386,,922.1855773999999
